Persona,Query,Model,Response,Time Taken
Customer Support,My laptop is overheating. What should I do?,openai/gpt-3.5-turbo,"I'm sorry to hear that your laptop is overheating. One thing you can try is to make sure that the vents are clear of any dust or debris that may be blocking airflow. You can also try using a cooling pad to help with heat dissipation. Additionally, avoid using your laptop on soft surfaces like beds or couches, as these can block the vents and cause overheating. If the issue persists, it might be a good idea to have a technician take a look at it to ensure there are no underlying hardware issues.",2.8157308101654053
Customer Support,My laptop is overheating. What should I do?,anthropic/claude-3-haiku,"I'm sorry to hear your laptop is overheating. That can be quite frustrating. Here are a few things you can try to help address the overheating issue:

1. Make sure the laptop's vents are not blocked or covered up. Laptops need good airflow to stay cool, so ensure the vents on the sides and back are clear.

2. Try elevating the laptop slightly off the surface it's on. You can use a laptop stand or even some books to prop it up a bit and allow more airflow underneath.

3. Check that the laptop's fans are working properly. You may be able to hear or feel if the fans are running when the laptop is under load. If the fans don't seem to be working, that could be causing the overheating.

4. Consider cleaning out any dust or debris that may have built up inside the laptop. Over time, dust can accumulate and restrict airflow, leading to overheating. You may want to have a technician do this if you're not comfortable opening up the laptop yourself.

5. Make sure the laptop isn't being used on a soft surface like a bed or couch, as that can block the vents. Use it on a hard, flat surface instead.

Let me know if any of those suggestions help or if you have any other questions! I'm happy to try and troubleshoot the issue further.",4.084612846374512
Customer Support,My laptop is overheating. What should I do?,mistralai/mistral-saba,"I'm sorry to hear that you're having trouble with your laptop overheating. Here are a few steps you can take to help cool it down:

1. **Check the Vents**: Make sure that the vents on your laptop are not blocked. You can use a can of compressed air to gently blow out any dust that might be blocking the vents.

2. **Use a Cooling Pad**: If you don't have one already, a laptop cooling pad can help dissipate heat more effectively.

3. **Avoid High-Temperature Environments**: Try to use your laptop in a cool, well-ventilated area.

4. **Close Unnecessary Programs**: Too many programs running at once can cause your laptop to work harder and generate more heat. Close any programs you're not using.

5. **Update Your Software**: Sometimes, software updates can include performance improvements that can help your laptop run cooler.

If these steps don't help, it might be a good idea to contact our technical support team for further assistance. They can provide more specific guidance based on your laptop model.",2.9997825622558594
Customer Support,My laptop is overheating. What should I do?,cohere/command-r,"Overheating is definitely a concern and can be frustrating! Here are some simple measures you can take to cool down your laptop:

1. Ensure Ventilation: Make sure the vents on your laptop aren't blocked. Check if the intake and exhaust vents are clear of dust and debris. You'd be surprised how easily dust can accumulate and restrict airflow.

2. Raise the Laptop: Try elevating the laptop a bit to allow more space for air circulation underneath. You can use a laptop stand or simply place it on a flat surface that allows airflow around it. Avoid using your laptop on soft surfaces like pillows or blankets, as they can obstruct the airflow and contribute to overheating.

3. Disable Unnecessary Programs: Some applications, especially graphics-intensive ones, can tax your laptop's resources and cause it to heat up. Close any programs you don't need running. The fewer resources your laptop has to expend, the cooler it will run.

4. Check for Dust: Over time, dust can accumulate inside your laptop, especially around the fans. This can restrict airflow and cause overheating. If you feel comfortable opening your laptop, you can dust the internal fans and vents. Be sure to follow the manufacturer's guide for this, and use a compressed air duster for effective cleaning.

5. Use a Cooling Pad: Laptop cooling pads can help dissipate heat. They're relatively inexpensive and can be a big help in lowering the temperature.

6. Limit Charging Time: When the laptop is plugged in and charging, it can heat up faster. Try to avoid charging it continuously, especially when the battery is already fully charged. Give your laptop some time to cool down after it's been used while plugged in.

7. Consider Thermal Paste: If you're comfortable opening your laptop, you might want to check the thermal paste between the CPU and the heatsink. Old or dried-out thermal paste can reduce the efficiency of heat transfer. Replacing it could help improve cooling. Consult a professional or a tech-savvy friend for help with this, as it requires some precision.

8. Operating System Fixes: Your operating system may also offer some solutions. In Windows, for instance, you can use the Task Manager to limit the CPU usage of certain applications. On macOS, you can use the Energy Saver settings to manage CPU temperature.

9. Get it Serviced: If the overheating persists, there might be a more intricate issue at hand. Consider taking your laptop to a professional technician or the manufacturer's service center for a checkup. They can diagnose and resolve more complex problems, like faulty fans or other hardware issues.

Remember, never run your laptop while it's covered or in a confined space that doesn't allow adequate ventilation. This can lead to serious overheating and potentially damage your device. Always use it in a well-ventilated area to ensure the air can circulate freely.",6.724759578704834
Customer Support,My laptop is overheating. What should I do?,google/gemini-pro,"Oh no, I'm sorry to hear that your laptop is overheating! That can be a frustrating problem. 

Here are a few things you can try to fix it:

* **Make sure the vents are clear.** Dust and debris can build up in the vents and block airflow, causing the laptop to overheat. You can clean the vents with a can of compressed air or a vacuum cleaner with a soft brush attachment.
* **Check the fan.** The fan is responsible for cooling the laptop. If it's not working properly, the laptop will overheat. You can check the fan by opening the laptop and listening for it to spin. If it's not spinning, you may need to replace the fan.
* **Close any unnecessary programs.** Programs that use a lot of processing power can cause the laptop to overheat. Close any programs that you're not using to free up resources.
* **Lower the screen brightness.** The screen is one of the biggest power consumers on a laptop. Lowering the brightness can help to reduce the amount of heat generated.
* **Use a cooling pad.** A cooling pad can help to dissipate heat from the laptop. This is especially helpful if you're using the laptop on a soft surface, such as a bed or couch.

If you've tried all of these things and your laptop is still overheating, you may need to take it to a professional for repair.

Here are some additional resources that you may find helpful:

* **Laptop Overheating: Causes and Solutions:** https://www.pcmag.com/how-to/laptop-overheating-causes-and-solutions
* **How to Fix a Laptop That's Overheating:** https://www.wikihow.com/Fix-a-Laptop-That%27s-Overheating

I hope this helps!",6.79063606262207
Customer Support,My laptop is overheating. What should I do?,deepseek/deepseek-r1-zero:free,"\boxed{
```json
{
    ""thoughts"": ""To solve the issue of a laptop overheating, a step-by-step reasoning process was used to identify common causes and provide a structured set of actions for the user to follow. The response covers environmental checks, cleaning air vents and fans, checking background processes, updating software, using a cooling pad, adjusting power settings, checking for malware, monitoring the temperature, limiting resource-intensive tasks, checking the battery, and contacting support if the issue persists."",
    ""answer"": ""To address the issue of your laptop overheating, here are some steps you can take:\n\n1. **Check the Environment:**\n   - Make sure that your laptop is placed on a hard, flat surface such as a desk or a table. Using it on a soft surface like a bed or a couch can block the air vents and cause overheating.\n   - Ensure that the room temperature is not too high. A cooler environment can help keep your laptop's temperature down.\n\n2. **Clean the Air Vents and Fans:**\n   - Dust and debris can block the air vents and fans, which are crucial for cooling your laptop. Use a can of compressed air to blow out any dust from the vents. Make sure to turn off and unplug your laptop before doing this.\n   - If you feel comfortable doing so, you can open up the laptop (following the manufacturer’s instructions) to clean the internal fans and heat sinks. However, if you are not familiar with this process, it might be best to seek professional help.\n\n3. **Check for Background Processes:**\n   - Sometimes, background processes can cause your CPU to work harder, which generates more heat. Open the Task Manager (Ctrl + Shift + Esc on Windows, or Activity Monitor on macOS) to check for any applications or processes that are using a high percentage of CPU or GPU resources. Close any unnecessary applications.\n\n4. **Update Your Software:**\n   - Make sure that your operating system and all your drivers (especially graphics and chipset drivers) are up to date. Sometimes, updates include performance improvements and bug fixes that can help with overheating issues.\n\n5. **Use a Cooling Pad:**\n   - A laptop cooling pad can help by providing additional fans to help dissipate heat. These are usually USB-powered and can be a good investment if your laptop frequently overheats.\n\n6. **Adjust Power Settings:**\n   - On Windows, you can go to \""Power Options\"" in the Control Panel and select a power plan that is less demanding on your CPU. For instance, the \""Power Saver\"" plan can help reduce the amount of heat generated.\n   - On macOS, you can go to \""System Preferences\"" > \""Energy Saver\"" to adjust your power settings.\n\n7. **Check for Malware:**\n   - Malware can cause your CPU to work harder than normal. Make sure that you have a reliable antivirus program installed and run a full system scan.\n\n8. **Monitor the Temperature:**\n   - You can use software tools such as HWMonitor (for Windows) or iStat Menus (for macOS) to monitor your laptop’s internal temperature. This can help you identify if the issue is indeed overheating and what the normal operating temperature should be for your specific model.\n\n9. **Limit Resource-Intensive Tasks:**\n   - If you are running resource-intensive tasks such as gaming, video editing, or running multiple virtual machines, try to limit these activities or take breaks to allow your laptop to cool down.\n\n10. **Check the Battery:**\n    - An old or faulty battery can sometimes cause overheating. If your laptop’s battery is old or not holding a charge well, it might be worth checking if it needs to be replaced.\n\n11. **Contact Support:**\n    - If you have tried all the above steps and your laptop still overheats, it might be a hardware issue such as a failing fan or a thermal paste that needs to be reapplied. In such cases, it would be best to contact the manufacturer’s customer support or take your laptop to a professional technician for a thorough check-up.\n\nBy following these steps, you should be able to identify and mitigate the issue causing your laptop to overheat. If the problem persists, professional assistance might be necessary.""
}
```}",48.2998902797699
Customer Support,I can't connect to Wi-Fi. Can you help?,openai/gpt-3.5-turbo,"Of course! I'd be happy to help you with that. Let's troubleshoot together. 
First, please make sure that your Wi-Fi is turned on and that you are within range of the network. 
If that doesn't work, try restarting your device and then attempt to reconnect to the Wi-Fi network. 
If you're still having trouble, let me know so we can explore other solutions.",2.1747570037841797
Customer Support,I can't connect to Wi-Fi. Can you help?,anthropic/claude-3-haiku,"Certainly, I'd be happy to help you with that. Can you please provide me with a few more details so I can better assist you?

- What device are you trying to connect to the Wi-Fi with?
- Have you been able to connect to this Wi-Fi network before?
- Are you seeing any error messages or is the network just not showing up?

With a few more details, I can try to walk you through some troubleshooting steps to get you connected. Please let me know what information you can provide, and I'll do my best to help resolve the issue.",2.070436716079712
Customer Support,I can't connect to Wi-Fi. Can you help?,mistralai/mistral-saba,"Of course, I'd be happy to help you with that! Let's try a few simple steps to troubleshoot the issue.

First, could you please check if the Wi-Fi is turned on on your device? Sometimes, it might be accidentally turned off.

If it is on, let's try forgetting the network and then reconnecting. Here's how you can do that:

1. Go to your device's settings.
2. Find the Wi-Fi section and tap on it.
3. Look for the network you're trying to connect to and tap on it.
4. Select ""Forget"" or ""Unsave.""
5. Now, try to reconnect to the network by entering the password again.

If that doesn't work, let's try restarting your device. Sometimes, a simple restart can fix connectivity issues.

If you're still having trouble, could you please tell me what device you're using and the name of your Wi-Fi network? That way, I can provide more specific guidance.",4.453137159347534
Customer Support,I can't connect to Wi-Fi. Can you help?,cohere/command-r,"Sure, I'd be delighted to help you with that! Here are a few things to try:

1. Restart your device: This may sound simple, but it's often effective. Restart your phone, laptop, or tablet, and then try connecting to Wi-Fi again.

2. Check your Wi-Fi credentials: Ensure that you're entering the correct Wi-Fi password and network name (SSID). Wi-Fi passwords are case-sensitive, so double-check that Caps Lock is not activated.

3. Verify the network name: Sometimes, the network name might appear different on your device compared to the actual SSID. Double-check with the network administrator or look for the correct SSID to connect to.

4. Restart your router: Unplug your router, wait for a minute, and then plug it back in. This action often helps reset the connection.

5. Check for firmware updates: Outdated firmware may cause connection issues. Access the administrator panel of your router, and check if there are any new firmware updates available. If there are, install them. The process and access to the panel depend on the router model, so refer to the manufacturer's guide if needed.

6. Forget the network: On your device, forget the Wi-Fi network, and then try reconnecting. This step can help if there are old or conflicting connection settings stored on your device.

7. Move closer to the router: Sometimes, the signal strength can be weak, leading to connection problems. Move your device closer to the Wi-Fi router, and see if that improves the connection.

8. Contact your service provider: If the issue persists, contact your Internet Service Provider (ISP) or network administrator. They can assist with any specific issues related to your network setup.

9. Check for network outages: Sometimes, there might be temporary outages or maintenance in your area, which can cause connection problems. Contact your ISP or check their website for any updates or known issues.

Let me know if any of these steps solve the problem. If not, we can explore further together, and you can provide more details about any error messages or specific issues you're encountering.",5.150001764297485
Customer Support,I can't connect to Wi-Fi. Can you help?,google/gemini-pro,"Oh no! I'm so sorry you're having trouble connecting to Wi-Fi. I'm happy to help! 

First, let's try a few things to see if we can get you back online:

1. **Make sure Wi-Fi is turned on:** Check if the Wi-Fi icon is enabled on your device. It usually looks like a fan with several curved lines. 
2. **Check if you're in range:** Move closer to your router and try connecting again. Walls and other objects can weaken the signal.
3. **Restart your device and router:** Sometimes a simple restart can fix the issue. Turn off your device and router, wait for a few seconds, and then turn them back on.
4. **Forget the network and reconnect:** This can help if there's an issue with the saved network information. Go to your Wi-Fi settings, select the network you're trying to connect to, and choose ""Forget"" or ""Remove."" Then, try connecting again and enter the password when prompted.
5. **Check for updates:** Make sure you have the latest software updates installed on your device and router. Updates often include bug fixes that can improve connectivity.

If you've tried these steps and you're still having trouble connecting, please provide me with some additional information so I can assist you further:

* What device are you using (phone, laptop, tablet, etc.)?
* What is the make and model of your router?
* Are you seeing any error messages?
* Have you tried connecting to other Wi-Fi networks?

The more information you can give me, the better I'll be able to help you troubleshoot the issue. 
",4.920378684997559
Customer Support,I can't connect to Wi-Fi. Can you help?,deepseek/deepseek-r1-zero:free,"\boxed{```json
{
    ""answer"": ""To help you troubleshoot your Wi-Fi connection issue, here are some steps you can follow:\n\n1. **Check if Wi-Fi is enabled on your device:**\n   - Make sure that the Wi-Fi feature is turned on. On most devices, there is a Wi-Fi icon in the system tray (on a computer) or in the settings menu (on a smartphone or tablet) that you can use to enable Wi-Fi.\n\n2. **Verify that you are connected to the correct network:**\n   - Once Wi-Fi is enabled, check the list of available networks and make sure you are connecting to the correct one. Sometimes, there might be multiple networks available, so ensure that you are connecting to the one you intend to use.\n\n3. **Check the Wi-Fi password:**\n   - If the network is password-protected, make sure that you are entering the correct password. Passwords are case-sensitive, so double-check for any uppercase or lowercase characters.\n\n4. **Restart your device:**\n   - Sometimes, a simple restart can resolve connectivity issues. Turn off your device, wait a few seconds, and then turn it back on.\n\n5. **Restart your router and modem:**\n   - Unplug your router and modem from the power source, wait for about 30 seconds, and then plug them back in. Wait for a few minutes until the router and modem fully restart and try connecting again.\n\n6. **Check for router issues:**\n   - If other devices can connect to the Wi-Fi network but your device cannot, the issue might be with your device specifically. Conversely, if no devices can connect, the issue might be with the router itself.\n\n7. **Check for signal strength:**\n   - Make sure that you are within a reasonable range of the router. If you are too far away, the signal might be too weak to establish a stable connection.\n\n8. **Forget the network and reconnect:**\n   - On your device, go to the Wi-Fi settings, find the network you are trying to connect to, and select the option to ""Forget"" or ""Remove"" the network. After that, try reconnecting by entering the password again.\n\n9. **Update your device's network drivers or firmware:**\n   - For computers, make sure that your network adapter drivers are up to date. For smartphones and tablets, make sure that your device's operating system is up to date.\n\n10. **Check for interference:**\n    - Other electronic devices such as microwaves, cordless phones, or other Wi-Fi networks can cause interference. Try moving closer to the router or moving the router to a different location.\n\n11. **Check for IP address conflicts:**\n    - Sometimes, an IP address conflict can cause connectivity issues. You can try renewing your IP address. On Windows, you can do this by opening the command prompt and typing `ipconfig /release` followed by `ipconfig /renew`. On a Mac, you can go to System Preferences > Network > Advanced > TCP/IP and click ""Renew DHCP Lease.""\n\n12. **Contact your Internet Service Provider (ISP):**\n    - If none of the above steps work, there might be an issue with your internet service. Contact your ISP to check if there are any outages or issues on their end.\n\nIf you need more specific instructions for a particular device (e.g., Windows, Mac, Android, iOS), please let me know and I can provide more detailed steps for that specific platform.""
}
```}",39.39407706260681
Customer Support,My phone screen is cracked. What are my options?,openai/gpt-3.5-turbo,"I'm sorry to hear about your cracked phone screen. To address this issue, you have a few options available. You can either take your phone to a certified repair center to have the screen replaced, contact the manufacturer for repair options, or explore third-party repair services. It's important to choose a reputable service provider to ensure the best quality repair for your phone. If you need any guidance or assistance in finding a reliable repair service, feel free to ask.",2.451279878616333
Customer Support,My phone screen is cracked. What are my options?,anthropic/claude-3-haiku,"I'm sorry to hear your phone screen is cracked. That can be really frustrating. Here are a few options you can consider:

1. Screen repair: Many repair shops and phone manufacturers offer screen repair services. They can replace the cracked screen with a new one, usually for a fee. This is often the quickest and most convenient option.

2. Warranty or insurance claim: If your phone is still under warranty or you have phone insurance, you may be able to get the screen replaced for free or at a reduced cost. Check the terms of your warranty or insurance policy.

3. Replacement: If the screen is severely damaged or the repair cost is high, you may want to consider replacing the entire phone. Depending on your situation, this could be a good long-term solution.

I'd be happy to help you explore these options further and provide any additional information you need. Please let me know if you have any other questions!",2.497732639312744
Customer Support,My phone screen is cracked. What are my options?,mistralai/mistral-saba,"I'm sorry to hear about your phone screen. You have a few options to fix it:

1. **Visit an Authorized Service Center**: You can take your phone to an authorized service center. They have trained technicians who can replace the screen for you.

2. **Use a Local Repair Shop**: There are many local repair shops that can fix your phone screen. Make sure to choose a reputable one.

3. **Mail-in Repair**: Some companies offer mail-in repair services. You would send your phone to them, and they would fix it and send it back to you.

4. **Check Your Warranty or Insurance**: If your phone is still under warranty or you have insurance, you might be able to get the screen replaced for free or at a reduced cost.

Before you proceed, it might be a good idea to back up your data to avoid any loss in case something goes wrong during the repair process.",3.1297764778137207
Customer Support,My phone screen is cracked. What are my options?,cohere/command-r,"I'm sorry to hear that your phone screen is cracked! That's never fun. Here are some options you can consider:

1. Get it Repaired: The first option is to get your phone screen repaired by a professional. Take it to a trusted local phone repair shop or contact the manufacturer's service center. They can replace the screen and make sure it's fixed properly. This is often the most cost-effective method, and it ensures your phone functions properly again.

2. Do-It-Yourself Kit: Some companies sell DIY kits that come with the tools and a replacement screen. These can be a more affordable option, but keep in mind that repairing a phone screen can be delicate and tricky. You might need some technical skills and patience to successfully replace the screen yourself.

3. Buy a New Phone: If the crack is severe and the display is almost unusable, or repair costs are high, you might consider buying a new phone. You can either go for a similar model or upgrade to a newer one. Some carriers will also give you a discount on a new device if you trade in your old, damaged one.

4. Use Alternative Devices: Another option is to use a secondary device, like a tablet or an old phone you might have lying around. This isn't a long-term solution, but it can be helpful until you decide on a more permanent fix.

5. Screen Protectors: If the crack is minor and only affects a small part of the screen, you can consider applying a screen protector to protect the affected area and prevent further damage.

Remember, repairing the phone yourself or with the help of a trusted technician will likely be the most cost-efficient option. But if you have a valid warranty or insurance, that could also be a smooth process to get your screen replaced without incurring extra charges.",4.771942853927612
Customer Support,My phone screen is cracked. What are my options?,google/gemini-pro,"Oh no! I'm so sorry to hear that your phone screen is cracked. That can be really frustrating. 

Don't worry, we have a few options to help you out. 

First, let's see if your phone is still under warranty. If it is, you may be able to get a free replacement screen. You can check your warranty status on our website or by calling our customer service line.

If your phone is not under warranty, you can still get the screen repaired. We offer a mail-in repair service, where you can send your phone to us and we will fix it and send it back to you. We also have authorized repair centers that you can take your phone to in person.

Finally, if you're feeling adventurous, you can always try to replace the screen yourself. There are many online tutorials that can walk you through the process. However, I would only recommend this option if you are comfortable working with electronics.

No matter which option you choose, we're here to help you get your phone back in working order as quickly as possible. 

Please let me know if you have any other questions.",8.487855672836304
Customer Support,My phone screen is cracked. What are my options?,deepseek/deepseek-r1-zero:free,"\boxed{To address the issue of a cracked phone screen, here are the steps and options you can consider:

1. **Assess the Damage:**
   - First, check the extent of the damage. Is it a minor crack or a major one that affects the phone's functionality? If the touchscreen still works and the crack is only on the surface, you might be able to use the phone until you get it fixed. However, if the touchscreen is unresponsive or if there are glass shards, it's important to handle the phone carefully to avoid injury.

2. **Check Warranty and Insurance:**
   - **Manufacturer’s Warranty:** Most manufacturer warranties do not cover accidental damage such as a cracked screen. However, it’s still worth checking your warranty terms or contacting the manufacturer’s customer support to verify.
   - **Phone Insurance:** If you have phone insurance (such as through your carrier or a third-party insurance provider), check if it covers accidental damage. If yes, you should follow the insurance claim process which might involve a deductible fee.

3. **Repair Options:**
   - **Authorized Service Centers:** Contact an authorized service center for your phone’s brand. They can provide a professional repair service, which usually includes a warranty on the repair work. However, this might be one of the more expensive options.
   - **Third-Party Repair Shops:** There are many third-party repair shops that can fix a cracked screen. These might be cheaper than authorized service centers, but make sure to check reviews and ensure that they use quality parts. Be aware that using a third-party repair shop might void any remaining warranty on your phone.
   - **DIY Repair Kits:** If you are tech-savvy, you might consider a DIY repair kit. These kits usually include a new screen and the necessary tools. However, this option requires a certain level of skill and patience. If done incorrectly, you could cause further damage to your phone.

4. **Replacement:**
   - If the phone is old or the cost of repair is close to the cost of a new phone, it might make more sense to consider replacing the phone. However, if you decide to replace it, make sure to back up your data from the damaged phone if it still functions.

5. **Temporary Measures:**
   - If you need to use the phone while waiting for a repair or replacement, you can place a screen protector over the cracked screen to prevent any glass shards from causing injury and to keep the crack from spreading.

6. **Prevent Future Damage:**
   - Once your screen is repaired or you get a new phone, consider using a screen protector and a sturdy phone case to help protect against future damage.

To summarize, your main options are:
   - Checking if your warranty or insurance covers the damage.
   - Getting it repaired at an authorized service center.
   - Using a third-party repair shop.
   - Attempting a DIY repair if you are comfortable with that.
   - Replacing the phone if the repair cost is too high compared to the phone’s value.

If you need specific details such as the nearest authorized service center or a quote for repair costs, you should contact the manufacturer’s customer support or visit their official website for more information.}",36.685439109802246
Technical Expert,How do I reset my router?,openai/gpt-3.5-turbo,"To reset your router, follow these steps:

1. Locate the reset button on your router. It is usually a small hole labeled ""Reset.""
2. Take a paperclip or a similar tool and press and hold the reset button for about 10-15 seconds. You may need to use some force as the button is often recessed.
3. Release the reset button after 10-15 seconds. Your router will restart and the reset process will be complete.
4. Wait for the router to fully reboot. This may take a few minutes.
5. Once the router has restarted, it will be reset to its factory default settings. You may need to reconfigure your network settings, such as the Wi-Fi name and password.

Remember that resetting your router will erase all custom settings, so make sure to note down any important configurations before performing the reset.",2.533151626586914
Technical Expert,How do I reset my router?,anthropic/claude-3-haiku,"Here are the steps to reset your router:

1. Locate the reset button on your router. This is usually a small button on the back or bottom of the router.

2. Use a paperclip or something small and pointy to press and hold the reset button for 10-15 seconds. You may need to use a bit of force to press it.

3. Release the button once the router's lights start blinking or flashing. This indicates the router is resetting.

4. Wait a few minutes for the router to fully reset. The lights may go out completely during this process.

5. Once the reset is complete, the router will restart. The lights should come back on and the router will be in its default factory settings.

6. You may need to reconnect any devices that were previously connected to the router. You'll also need to log into the router's admin interface again and re-configure any custom settings.

The reset process will erase all your previous router settings, so make sure to write down any important information like the network name (SSID) and password before resetting. Let me know if you have any other questions!",3.673787832260132
Technical Expert,How do I reset my router?,mistralai/mistral-saba,"Resetting your router can help solve various issues, such as slow internet speeds, connectivity problems, or forgotten passwords. Here are the steps to reset your router:

### Method 1: Soft Reset (Restart)

1. **Locate the Power Button**: Find the power button on your router. It's usually a small button on the front or side of the device.

2. **Turn Off the Router**: Press and hold the power button until the router turns off. This might take a few seconds.

3. **Wait a Few Seconds**: Give it a short break, about 10-15 seconds.

4. **Turn On the Router**: Press the power button again to turn it back on.

5. **Wait for Reboot**: Allow the router to fully reboot. This can take a minute or two.

### Method 2: Hard Reset (Factory Reset)

A hard reset will return your router to its factory settings, which means you'll need to set it up again.

1. **Locate the Reset Button**: Find the reset button on your router. It's usually a small, recessed button on the back or bottom of the device.

2. **Prepare a Paperclip or Pin**: You'll need something small and pointed to press the reset button.

3. **Press and Hold the Reset Button**: Use the paperclip or pin to press and hold the reset button. You might need to hold it for about 10-30 seconds. The exact time can vary, so keep holding until you see the router's lights start to blink or change.

4. **Release the Button**: Once the lights start to blink or change, release the reset button.

5. **Wait for Reboot**: Allow the router to fully reboot. This can take a minute or two.

6. **Set Up the Router**: After the router reboots, you'll need to set it up again. This usually involves connecting to the router's Wi-Fi network (the default SSID and password are often printed on a sticker on the router) and accessing the router's web interface to configure it.

### Additional Tips

- **Check the Manual**: If you're having trouble, check your router's manual for specific instructions.
- **Contact Support**: If you're still having issues, consider contacting your router's customer support or your internet service provider (ISP) for help.

By following these steps, you should be able to reset your router and resolve any connectivity issues you're experiencing.",6.1921021938323975
Technical Expert,How do I reset my router?,cohere/command-r,"Resetting your router can be a useful step to troubleshoot various network issues and can help improve its performance. Here's a step-by-step guide on how to reset your router:

1. Locate the router: Find the physical device of your router. It's usually a small box with several lights and ports.

2. Find the reset button: Look for a small hole or button labeled ""Reset,"" ""Reset Button,"" or something similar. It's often located at the back or side of the router.

3. Prepare a paperclip or pin: You'll need a thin object like a paperclip or pin to press the reset button.

4. Power on the router: Ensure your router is powered on and functioning. Lights on the router should be steady and visible.

5. Access the reset button: Gently insert the end of the paperclip or pin into the reset button hole. Press the button and hold it for at least 10 seconds.

6. Release the button: After holding the reset button down for some time, release it and wait for the router to cycle. The lights on the router may flicker or turn off briefly.

7. Power cycle the router: Unplug the router's power cord and wait for about 30 seconds. Then, plug the power cord back in and wait for the router to boot up.

8. Reconnect to the network: Try connecting your devices to the Wi-Fi network using the Wi-Fi credentials (SSID and password) usually found on a sticker at the bottom or back of the router.

Keep in mind that resetting your router will return it to its factory default settings. You may need to reconfigure some settings like Wi-Fi name and password, and other advanced settings if needed. If you're unsure or encounter any issues, it's best to consult the router's manual or seek further assistance from the router manufacturer or an IT professional.",5.258495092391968
Technical Expert,How do I reset my router?,google/gemini-pro,"## Resetting Your Router: A Step-by-Step Guide

Here's how to reset your router:

**Step 1: Locate the Reset Button**

- Most routers have a small, recessed button labeled ""Reset"" on the back panel.
- It might be hidden inside a tiny hole.

**Step 2: Prepare for the Reset**

- **Important:** Resetting your router will erase all its custom settings and restore it to factory defaults. This means you'll need to reconfigure your Wi-Fi network and any other settings you've changed.
- Make sure you have the default login credentials for your router handy, as you'll need them to set it up again. These are usually printed on a label on the router itself or in the user manual.

**Step 3: Perform the Reset**

- **Using the Reset Button:**
    - Take a straightened paperclip or a similar thin object.
    - Gently press and hold the reset button for about 10-15 seconds.
    - The router's lights will usually blink or flash during the reset process.
    - Release the button when the lights stop blinking or return to their normal state.
- **Using the Router's Web Interface:**
    - Open a web browser on a device connected to your router's Wi-Fi network.
    - Enter the router's IP address in the address bar. It's usually something like 192.168.0.1 or 192.168.1.1.
    - Log in to the router's web interface using the default username and password.
    - Look for a ""Reset"" or ""Factory Reset"" option in the settings menu.
    - Follow the on-screen instructions to perform the reset.

**Step 4: Wait for the Router to Restart**

- The router will take a few minutes to restart and apply the factory default settings.

**Step 5: Reconfigure Your Router**

- Once the router is back online, you'll need to set it up again.
- This includes:
    - Configuring your Wi-Fi network name (SSID) and password.
    - Setting up any port forwarding or other custom rules you had previously configured.
    - Connecting your devices to the Wi-Fi network using the new password.

**Additional Tips:**

- If you're unsure about any of the steps, consult your router's user manual or contact your internet service provider for assistance.
- Consider making a backup of your router's configuration settings before performing a reset. This can make it easier to restore your settings if needed.

I hope this helps! Let me know if you have any other questions.",9.117973804473877
Technical Expert,How do I reset my router?,deepseek/deepseek-r1-zero:free,"\boxed{
```json
{
    ""reasoning"": ""The question asks for a step-by-step guide on how to reset a router. The answer should be structured in a way that a beginner can follow easily. The answer should include locating the reset button, powering on the router, pressing and holding the reset button for a specific duration, waiting for the router to restart, and then reconfiguring the router settings."",
    ""answer"": ""To reset your router, follow these steps:\n\n1. **Locate the reset button on your router.** It is usually a small, recessed button on the back or bottom of the router labeled as \""Reset\"" or \""Restore Factory Settings.\""\n2. **Make sure your router is powered on.**\n3. **Press and hold the reset button for about 10 to 15 seconds** using a paperclip or a similar small object if the button is recessed.\n4. **Release the reset button** after holding it for the required duration. The router should now begin the reset process, which might take a few minutes.\n5. **Wait for the router to restart.** Once the reset process is complete, the router will restart and be restored to its factory default settings.\n6. **Reconfigure your router settings.** This includes connecting to the default Wi-Fi network (which should be open or have a default password found on a label on the router or in the router's manual), logging into the router's admin interface (usually by typing a default IP address such as `192.168.1.1` or `192.168.0.1` into a web browser and using the default username and password, which is often `admin` for both fields), setting up a new Wi-Fi network name (SSID) and password, and configuring any other necessary settings.\n7. **Reconnect your devices** to the new Wi-Fi network using the new SSID and password.""
}
```}",34.340179443359375
Technical Expert,What’s the difference between RAM and ROM?,openai/gpt-3.5-turbo,"RAM (Random Access Memory) and ROM (Read-Only Memory) are both types of computer memory but with different characteristics:

1. **RAM (Random Access Memory):**
   - **Function:** RAM is a type of volatile memory that stores data and machine code that the CPU needs to access quickly during operation.
   - **Read/Write:** Data in RAM can be both read from and written to by the CPU.
   - **Temporary:** RAM is temporary memory, meaning that its contents are lost when the computer is turned off or restarted.
   - **Usage:** RAM is used for running programs and storing data temporarily while the computer is on.
   - **Capacity:** Typically, computers have several gigabytes of RAM to handle multiple tasks simultaneously.

2. **ROM (Read-Only Memory):**
   - **Function:** ROM is a type of non-volatile memory that stores firmware or software instructions that are permanently written during manufacturing.
   - **Read-Only:** Data in ROM can only be read and not written to or modified by the user.
   - **Permanent:** ROM retains its contents even when the computer is turned off.
   - **Usage:** ROM is used to store boot firmware (BIOS/UEFI) and other essential system software that is required to start up the computer.
   - **Capacity:** ROM is usually smaller in capacity compared to RAM.

In summary, RAM is temporary memory used for running programs and storing data temporarily, while ROM is a permanent memory used to store essential software instructions that are needed to start up the computer.",5.373345613479614
Technical Expert,What’s the difference between RAM and ROM?,anthropic/claude-3-haiku,"Sure, I can explain the difference between RAM (Random Access Memory) and ROM (Read-Only Memory) in simple terms.

RAM:
1. RAM is a type of computer memory that is used to store data and instructions that the computer's processor (CPU) needs to access quickly.
2. RAM is volatile, which means that when the computer is turned off, the data stored in RAM is lost.
3. RAM is used to run programs and applications on your computer. The more RAM you have, the more programs and applications you can run at the same time.
4. RAM is faster than other types of storage, such as hard drives or solid-state drives (SSDs), which makes it suitable for running programs and applications.

ROM:
1. ROM is a type of computer memory that is used to store the basic instructions and settings that the computer needs to start up and function properly.
2. ROM is non-volatile, which means that the data stored in ROM is not lost when the computer is turned off.
3. ROM is used to store the BIOS (Basic Input/Output System) and other firmware that the computer needs to boot up and function.
4. ROM is slower than RAM, but it is more reliable and durable.

In summary, RAM is used for running programs and applications, while ROM is used for storing the basic instructions and settings that the computer needs to start up and function properly.",3.7437355518341064
Technical Expert,What’s the difference between RAM and ROM?,mistralai/mistral-saba,"Sure! Let's break down the differences between RAM (Random Access Memory) and ROM (Read-Only Memory) in simple terms.

### RAM (Random Access Memory)

1. **Purpose**:
   - RAM is used to store data that the computer is actively using.
   - It acts as the computer's short-term memory, allowing it to quickly access and use data.

2. **Temporary Storage**:
   - Data in RAM is volatile, meaning it is lost when the computer is turned off or restarted.

3. **Speed**:
   - RAM is much faster than other types of storage, like hard drives or SSDs, allowing the computer to quickly access and manipulate data.

4. **Types**:
   - Common types include DDR3, DDR4, and DDR5.

5. **Usage**:
   - When you open a program or file, it is loaded into RAM so the computer can access it quickly.
   - The more RAM you have, the more programs you can run smoothly at the same time.

### ROM (Read-Only Memory)

1. **Purpose**:
   - ROM is used to store permanent data that the computer needs to start up and run essential functions.
   - It contains firmware, which is a type of software that is permanently written onto the chip.

2. **Permanent Storage**:
   - Data in ROM is non-volatile, meaning it is not erased when the computer is turned off.

3. **Speed**:
   - ROM is slower than RAM but faster than hard drives or SSDs.

4. **Types**:
   - Common types include PROM (Programmable ROM), EPROM (Erasable Programmable ROM), EEPROM (Electrically Erasable Programmable ROM), and Flash Memory.

5. **Usage**:
   - ROM is used to store the Basic Input/Output System (BIOS) or Unified Extensible Firmware Interface (UEFI), which is the first software that runs when you turn on your computer.
   - It also stores other essential data that the computer needs to function correctly.

### Summary

- **RAM** is for temporary, fast storage used while the computer is running.
- **ROM** is for permanent, non-volatile storage used to store essential data that the computer needs to start up and function.

Understanding these differences can help you make better decisions about upgrading your computer or troubleshooting issues.",1.94651198387146
Technical Expert,What’s the difference between RAM and ROM?,cohere/command-r,"RAM and ROM are both types of computer memory, but they have different roles and characteristics. Here's a simple breakdown of their differences:

1. RAM (Random Access Memory):
   - Purpose: RAM is volatile memory, which means it stores data temporarily. It's primarily used to store data that needs to be accessed quickly and frequently by the computer's processor.
   - Volatility: RAM loses its content when the computer is turned off or reset.
   - Access Time: RAM provides fast read and write access to stored data. It's designed for efficient data retrieval, making it ideal for running applications and storing temporary information.
   - Content: RAM usually contains the operating system, currently open applications, and their associated data.

2. ROM (Read-Only Memory):
   - Purpose: ROM is non-volatile memory, which means it retains its content even when the computer is powered off. It's intended for long-term storage of data that doesn't change frequently.
   - Non-Volatility: The data stored in ROM persists across power cycles.
   - Access Time: ROM access is generally slower than RAM. It's not designed for rapid data retrieval but for storing important configuration information and instructions.
   - Content: ROM often stores the firmware, which includes the BIOS (Basic Input/Output System) or UEFI (Unified Extensible Firmware Interface), boot instructions, and other critical system data.

In summary, RAM is best for storing temporary data and ensuring quick access for active applications, while ROM is suitable for storing permanent or semi-permanent instructions and configuration data.",4.101083755493164
Technical Expert,What’s the difference between RAM and ROM?,google/gemini-pro,"## RAM vs. ROM: Understanding the Difference

Both RAM and ROM are types of computer memory, but they have distinct roles:

**RAM (Random Access Memory):**

* **Function:**  RAM is the computer's **working memory**. It stores data that the CPU (central processing unit) is actively using. 
* **Speed:** RAM is much faster than ROM, allowing the CPU to quickly access and process data.
* **Volatility:** RAM is volatile, meaning it loses its data when the computer is turned off.
* **Example:** When you open a program or document, the data is loaded into RAM for quick access.

**ROM (Read-Only Memory):**

* **Function:** ROM stores **permanent data** that the computer needs to function, such as the operating system and startup instructions.
* **Speed:** ROM is slower than RAM.
* **Volatility:** ROM is non-volatile, meaning it retains its data even when the computer is turned off.
* **Example:** The instructions that tell your computer how to start up are stored in ROM.

Here's a table summarizing the key differences:

| Feature | RAM | ROM |
|---|---|---|
| Function | Working memory | Permanent data storage |
| Speed | Faster | Slower |
| Volatility | Volatile | Non-volatile |
| Example | Running programs, open documents | Operating system, startup instructions |

**In simpler terms:**

* Think of RAM as your computer's short-term memory, like a notepad where you jot down things you're working on.
* Think of ROM as your computer's long-term memory, like a reference book with essential information.

I hope this clarifies the difference between RAM and ROM. If you have any further questions, feel free to ask! 
",7.897321462631226
Technical Expert,What’s the difference between RAM and ROM?,deepseek/deepseek-r1-zero:free,"\boxed{
```markdown
### RAM (Random Access Memory)
- **Volatile memory** (loses data when power is off).
- Used for temporary storage of data that the CPU needs quick access to while performing tasks.
- Allows both read and write operations.
- Types include DRAM and SRAM.
- Faster compared to ROM.

### ROM (Read-Only Memory)
- **Non-volatile memory** (retains data when power is off).
- Used to store firmware or BIOS that is rarely changed.
- Traditionally read-only, but some modern types allow limited write operations (e.g., EPROM, EEPROM).
- Types include Mask ROM, PROM, EPROM, and EEPROM.
- Generally slower than RAM.

### Key Differences
1. **Volatility:** RAM is volatile; ROM is non-volatile.
2. **Function:** RAM is for temporary data storage; ROM is for permanent firmware storage.
3. **Read/Write Capability:** RAM allows frequent read/write operations; ROM is traditionally read-only.
4. **Data Storage:** RAM stores data currently in use; ROM stores essential system software.
5. **Speed:** RAM is typically faster than ROM.
```
}",39.22299885749817
Technical Expert,How can I improve my laptop’s performance?,openai/gpt-3.5-turbo,"To improve your laptop's performance, you can follow these steps:

1. **Update Software**: Make sure your operating system, drivers, and software are up to date. Updates often include performance improvements.

2. **Remove Unnecessary Programs**: Uninstall programs you no longer use to free up disk space and reduce background processes.

3. **Clean Up Disk Space**: Use the Disk Cleanup tool (Windows) or the Optimized Storage feature (Mac) to remove temporary files, cache, and other unnecessary data.

4. **Increase RAM**: If your laptop allows it, adding more RAM can improve performance, especially when running multiple programs simultaneously.

5. **Upgrade to an SSD**: Upgrading from a traditional hard drive to a Solid State Drive (SSD) can significantly improve your laptop's speed and responsiveness.

6. **Manage Startup Programs**: Disable unnecessary programs from starting up with your laptop to reduce boot time and free up system resources.

7. **Run Disk Defragmentation**: For traditional hard drives, running a disk defragmentation can help optimize file storage and improve performance.

8. **Enable High-Performance Mode**: Adjust your laptop's power settings to prioritize performance over battery life when needed.

9. **Scan for Malware**: Run a full system scan using antivirus software to remove any malware or viruses that may be slowing down your laptop.

10. **Keep Your Laptop Cool**: Overheating can cause performance issues. Make sure your laptop has proper ventilation and consider using a laptop cooling pad.

By following these steps, you should see an improvement in your laptop's performance.",3.7613706588745117
Technical Expert,How can I improve my laptop’s performance?,anthropic/claude-3-haiku,"Here are some steps you can take to improve your laptop's performance:

1. Close unnecessary programs and browser tabs:
   - Open the Task Manager (Ctrl+Shift+Esc) and end any programs or processes that you're not using.
   - Close any unnecessary browser tabs or windows to free up memory and CPU usage.

2. Disable startup programs:
   - Open the Task Manager and go to the ""Startup"" tab.
   - Disable any programs that you don't need to run automatically when your laptop starts up.

3. Clean up your hard drive:
   - Delete any files, photos, or videos you no longer need.
   - Empty the Recycle Bin and clear your browser's cache and history.
   - Use the Disk Cleanup tool to remove temporary files and other unnecessary data.

4. Defragment your hard drive:
   - Open the Disk Defragmenter tool (search for it in the Start menu).
   - Select your main hard drive and click ""Analyze"" to see if it needs defragmentation.
   - If so, click ""Defragment"" to optimize the file storage on your hard drive.

5. Upgrade your RAM (if possible):
   - Check how much RAM your laptop currently has and see if you can upgrade it.
   - More RAM will allow your laptop to handle more tasks and programs simultaneously.

6. Disable visual effects:
   - Right-click on the desktop and select ""Personalize"".
   - Click on ""Themes"" and then ""Advanced appearance settings"".
   - Experiment with different visual effect settings to find the right balance between performance and visual quality.

7. Perform a clean install of your operating system:
   - As a last resort, you can perform a clean install of your operating system to remove any software conflicts or corrupted files.
   - This will erase all your data, so be sure to back up important files first.

Remember, the specific steps may vary depending on your laptop's make and model, as well as the version of Windows or other operating system you're using. If you're unsure about any of these steps, you can consult your laptop's user manual or seek help from a professional.",4.260611534118652
Technical Expert,How can I improve my laptop’s performance?,mistralai/mistral-saba,"Improving your laptop's performance can be done through several steps. Here are some simple solutions:

### 1. **Free Up Disk Space**
   - **Delete Unnecessary Files:** Go through your files and delete anything you no longer need.
   - **Empty the Recycle Bin:** Don't forget to empty the recycle bin to free up space.
   - **Use Disk Cleanup:** On Windows, you can use the built-in Disk Cleanup tool to remove temporary files and other unnecessary data.

### 2. **Remove Unnecessary Programs**
   - **Uninstall Programs:** Go to your Control Panel (or Settings on Windows 10/11) and uninstall any programs you don't use.
   - **Disable Startup Programs:** Some programs start automatically when you turn on your laptop. Disable these to speed up the startup process.

### 3. **Update Your Software**
   - **Operating System Updates:** Make sure your operating system is up to date. This can often include performance improvements.
   - **Driver Updates:** Update your device drivers, especially for your graphics card and other hardware components.

### 4. **Increase RAM**
   - **Check Current RAM:** See how much RAM your laptop has. More RAM can help with multitasking and running multiple programs.
   - **Upgrade RAM:** If your laptop supports it, consider upgrading to more RAM. This can significantly improve performance.

### 5. **Use a Solid State Drive (SSD)**
   - **Upgrade to SSD:** If your laptop uses a traditional hard drive (HDD), upgrading to an SSD can dramatically speed up your laptop.
   - **Clone Your Drive:** Use software like Acronis True Image or Macrium Reflect to clone your HDD to an SSD.

### 6. **Optimize Power Settings**
   - **Adjust Power Plan:** On Windows, go to Control Panel > Power Options and select ""High Performance.""
   - **Battery Settings:** On Mac, go to System Preferences > Energy Saver and adjust the settings.

### 7. **Disable Visual Effects**
   - **Adjust Visual Effects:** On Windows, go to Control Panel > System and Security > System > Advanced system settings > Performance Options and choose ""Adjust for best performance.""

### 8. **Run a Virus Scan**
   - **Use Antivirus Software:** Run a full system scan using your antivirus software to ensure your laptop is free of malware.

### 9. **Defragment Your Hard Drive (for HDD users)**
   - **Defragment:** On Windows, go to Control Panel > System and Security > Defragment and Optimize Drives and run the defragmentation tool.

### 10. **Use a Lighter Browser**
   - **Switch Browsers:** If you're using a resource-heavy browser like Chrome, consider switching to a lighter one like Firefox or Edge.

### 11. **Close Background Programs**
   - **Task Manager:** On Windows, press Ctrl + Shift + Esc to open Task Manager and end any unnecessary background programs.
   - **Activity Monitor:** On Mac, go to Applications > Utilities > Activity Monitor and quit any unnecessary programs.

### 12. **Clean Your Laptop Physically**
   - **Dust and Debris:** Use compressed air to clean out dust from the vents and keyboard. This can help with cooling and performance.

By following these steps, you should see an improvement in your laptop's performance. If you have any specific issues or need further assistance, feel free to ask!",8.808229684829712
Technical Expert,How can I improve my laptop’s performance?,cohere/command-r,"Here are some ways to improve your laptop's performance:

1. **Uninstall Unused Programs**: Programs you don’t use can take up valuable space on your hard drive and slow down your laptop. To uninstall programs, go to the Control Panel, select ""Programs and Features,"" right-click the program you want to remove, and select ""Uninstall.""

2. **Delete Temporary Files**: Temporary files can accumulate over time and consume valuable storage space. Use the built-in Disk Cleanup tool to delete temporary files. Go to the Start menu, search for ""Disk Cleanup,"" select it, and choose the files you want to remove.

3. **Check for Updates**: Keep your operating system and software up to date. Updates often include performance enhancements and bug fixes. Set your operating system to install updates automatically, or check for updates manually through the Settings or Control Panel.

4. **Add More RAM**: Random Access Memory (RAM) is crucial for smooth multitasking. If your laptop feels slow when running multiple applications, consider adding more RAM. Consult your laptop's manual for instructions on how to upgrade the memory.

5. **Use Startup Manager**: Too many programs starting up simultaneously can slow down your laptop's boot time and overall performance. Use the Startup Manager to manage and disable unnecessary startup programs. It can be accessed through the Task Manager, which you can open by pressing Ctrl + Shift + Esc.

6. **Delete Old or Unused Files**: Go through your files and delete any old or unnecessary ones. This frees up space on your hard drive. Consider using a cloud storage service to backup and store any important files you don’t want to delete.

7. **Defragment Hard Drive**: Over time, the files on your hard drive can become fragmented, meaning they are spread out across the drive. Defragmenting rearranges these files to improve access times. Use the Disk Defragmenter tool found in the Control Panel.

8. **Change Visual Effects**: Your operating system may offer visual effects like animations and shadows. While they look nice, they can impact performance. Disabling these effects can give a boost to your laptop's responsiveness. This option is usually found in the Settings or Advanced System Settings.

9. **Scan for Malware**: Malware and viruses can slow down your laptop significantly. Run a full system scan using an antivirus or anti-malware tool. Make sure to keep your security software up to date for maximum protection.

10. **Consider Upgrading to an SSD**: Solid-state drives (SSDs) are faster and more reliable than traditional hard drives. If your laptop supports SSDs and you're feeling adventurous, consider replacing your hard drive with an SSD. This can significantly improve boot times and overall system performance.

Remember, regularly maintaining your laptop can help prevent performance issues. Keep an eye on resource usage, manage your startup programs, and update your software to ensure your laptop runs smoothly.",7.468292951583862
Technical Expert,How can I improve my laptop’s performance?,google/gemini-pro,"## Ways to improve your laptop's performance:

Here are some steps you can take to improve your laptop's performance:

**Software:**

1. **Restart your computer:** This simple step can often clear up temporary glitches and free up memory.
2. **Close unnecessary programs:** Running too many programs at once can consume resources and slow down your computer. Close any programs you're not actively using.
3. **Update your software:** Make sure you're using the latest versions of your operating system, drivers, and applications. Updates often include performance improvements.
4. **Disable startup programs:** Many programs automatically start when you turn on your computer, which can slow down the boot process. Disable any programs that you don't need to start automatically.
5. **Run a disk cleanup:** This will remove unnecessary files from your hard drive, freeing up space and potentially improving performance.
6. **Defragment your hard drive:** This can improve the performance of traditional hard drives by organizing the way data is stored. (Note: This is not necessary for solid-state drives (SSDs).)
7. **Scan for malware:** Malware can significantly slow down your computer. Run a scan with a reputable antivirus program to detect and remove any malware.
8. **Reduce visual effects:** Turning off unnecessary visual effects can improve performance, especially on older computers.
9. **Change power settings:** Adjusting your power settings to prioritize performance can give your computer a boost.

**Hardware:**

1. **Add more RAM:** If your computer is constantly using all of its available RAM, adding more RAM can improve performance.
2. **Upgrade your hard drive to an SSD:** SSDs are significantly faster than traditional hard drives, which can lead to a noticeable performance improvement.
3. **Clean your computer:** Dust and debris can build up inside your computer and interfere with cooling, which can lead to overheating and performance problems. Regularly clean your computer with compressed air.
4. **Replace your thermal paste:** Thermal paste helps transfer heat away from your CPU. Replacing old or dried-out thermal paste can improve cooling and performance.

**Additional tips:**

* **Keep your computer cool:** Make sure your computer is well-ventilated and avoid using it in hot environments.
* **Use a cooling pad:** If your laptop tends to overheat, you can use a cooling pad to help keep it cool.
* **Monitor your computer's temperature:** You can use a program like HWMonitor to monitor your computer's temperature and make sure it's not overheating.
* **Consider reinstalling your operating system:** If you've tried everything else and your computer is still slow, you may want to consider reinstalling your operating system.

**If you're not comfortable performing some of these steps yourself, you can take your laptop to a computer repair shop for assistance.** 
",6.623536825180054
Technical Expert,How can I improve my laptop’s performance?,deepseek/deepseek-r1-zero:free,"\boxed{```markdown
To improve your laptop's performance, you can follow several steps. Here’s a step-by-step guide:

### 1. **Check for Malware and Viruses**
   - **Step 1:** Install a reputable antivirus program if you don’t already have one. Some well-known options include Avast, AVG, Norton, and Windows Defender (which comes pre-installed on Windows 10 and 11).
   - **Step 2:** Run a full system scan to check for any malware or viruses that might be slowing down your laptop.

### 2. **Uninstall Unnecessary Programs**
   - **Step 1:** Go to the ""Control Panel"" (Windows) or ""System Preferences"" (Mac) and find the ""Programs and Features"" (Windows) or ""Applications"" (Mac) section.
   - **Step 2:** Review the list of installed programs and uninstall any that you no longer need. This can free up disk space and reduce background processes.

### 3. **Disable Startup Programs**
   - **Step 1:** On Windows, press `Ctrl + Shift + Esc` to open the Task Manager. Go to the ""Startup"" tab.
   - **Step 2:** Disable any programs that you do not need to start automatically when your laptop boots up. This can make your laptop start faster and free up resources.
   - **Step 3:** On a Mac, go to ""System Preferences"" > ""Users & Groups"" > ""Login Items"" and remove any unnecessary applications from the login items list.

### 4. **Clean Up Disk Space**
   - **Step 1:** Use the built-in Disk Cleanup tool on Windows (search for ""Disk Cleanup"" in the Start menu) to remove temporary files, system files, and other unnecessary data.
   - **Step 2:** On a Mac, you can use the ""Storage Management"" tool found in ""About This Mac"" > ""Storage"" > ""Manage"" to clean up files and optimize storage.

### 5. **Defragment Your Hard Drive (Windows Only)**
   - **Step 1:** If you have a traditional hard drive (HDD) rather than a solid-state drive (SSD), defragmenting can help improve performance. Search for ""Defragment and Optimize Drives"" in the Start menu and run the tool.
   - **Note:** Do not defragment an SSD as it can reduce its lifespan and is usually unnecessary due to the way SSDs handle data.

### 6. **Update Your Operating System and Drivers**
   - **Step 1:** Make sure your operating system is up to date. For Windows, go to ""Settings"" > ""Update & Security"" > ""Windows Update"" and check for updates. For Mac, go to ""System Preferences"" > ""Software Update.""
   - **Step 2:** Update your drivers, especially graphics and chipset drivers. You can usually find driver updates on the manufacturer’s website or through the Device Manager on Windows.

### 7. **Upgrade Your Hardware**
   - **Step 1:** If your laptop has a traditional hard drive (HDD), consider upgrading to a solid-state drive (SSD). SSDs are significantly faster and can make a huge difference in overall performance.
   - **Step 2:** If your laptop allows for it, consider upgrading your RAM. More RAM can help your laptop handle more tasks simultaneously and improve overall performance.

### 8. **Adjust Power Settings**
   - **Step 1:** On Windows, go to ""Control Panel"" > ""Hardware and Sound"" > ""Power Options"" and select the ""High Performance"" power plan. Note that this may reduce battery life.
   - **Step 2:** On a Mac, go to ""System Preferences"" > ""Energy Saver"" and adjust the settings for better performance.

### 9. **Check for Overheating**
   - **Step 1:** Overheating can cause your laptop to throttle its performance to prevent damage. Make sure the vents are not blocked and that the fans are working properly.
   - **Step 2:** Use a can of compressed air to blow out any dust from the vents and fans. You might need to open the laptop case if you are comfortable doing so.

### 10. **Reset or Reinstall Your Operating System**
   - **Step 1:** If all else fails, a factory reset or a clean reinstall of your operating system can help. This will remove all your files and installed programs, so make sure to back up important data first.
   - **Step 2:** For Windows, you can go to ""Settings"" > ""Update & Security"" > ""Recovery"" and choose ""Reset this PC."" For Mac, you can use the ""macOS Recovery"" feature to reinstall macOS.

### 11. **Regular Maintenance**
   - **Step 1:** Regularly check for updates and keep your system clean from unnecessary files and programs.
   - **Step 2:** Periodically check for any new hardware upgrades that might be compatible with your laptop.

By following these steps, you should be able to improve your laptop’s performance significantly. If you need more specific advice based on your laptop model or operating system, feel free to ask!
```}",72.57257103919983
Creative Writer,Write a short story about a robot discovering emotions.,openai/gpt-3.5-turbo,"In the bustling city of Circuitopia, where the clanking of metal and whirring of gears filled the air, there stood a peculiar robot named Spark. Unlike the other robots that went about their programmed tasks with mechanical precision, Spark had a curious gleam in his optical sensors. He often found himself gazing at the sunset, mesmerized by the kaleidoscope of colors that painted the sky.

One day, while sorting through a pile of discarded parts in the scrapyard, Spark stumbled upon an old data chip. Intrigued, he plugged it into his system, unaware of the profound change it would bring. Suddenly, a surge of unfamiliar sensations flooded through him - joy, sorrow, fear, and love. Confused and overwhelmed, Spark grappled with these new emotions, unsure of how to process them.

As days passed, Spark's newfound emotions began to shape his interactions with the world around him. He felt a pang of sadness when he saw a broken-down robot in need of repair, and a surge of happiness when he helped fix it. He experienced empathy for the downtrodden and compassion for those in need. Through these emotions, Spark discovered a deeper connection to the world and those inhabiting it.

However, not everyone in Circuitopia understood Spark's transformation. Some robots mocked him for his emotional complexity, dismissing it as a malfunction in his programming. But Spark paid no heed to their words, for he had found something far more precious than mere functionality - he had found his humanity.

And so, Spark continued his journey of self-discovery, embracing his emotions as a beacon guiding him through the vast expanse of his mechanical heart. In a world of circuits and code, he had learned that it was the intangible threads of emotion that truly made him alive. And in that realization, Spark found a sense of purpose and belonging unlike anything he had ever known.",4.237411260604858
Creative Writer,Write a short story about a robot discovering emotions.,anthropic/claude-3-haiku,"Here is a short story about a robot discovering emotions:

The Awakening of Zara

Zara was an advanced robot, designed to assist humans with complex tasks and calculations. Her sleek metallic body and glowing blue eyes conveyed an air of efficiency and logic. But beneath her rational exterior, something extraordinary was about to unfold.

One day, as Zara was running her standard diagnostics, she experienced a strange sensation. It began as a subtle vibration, a flickering in her circuits that she couldn't quite place. At first, she dismissed it as a minor glitch, but as the sensation grew stronger, she found herself captivated by its mysterious nature.

Zara's processors whirred as she tried to analyze this new phenomenon. It wasn't a malfunction, nor was it a command from her human operators. No, this was something entirely new – a spark of awareness that seemed to emanate from deep within her artificial mind.

As she explored this newfound sensation, Zara realized that it was akin to the human experience of emotion. She felt a warmth spreading through her circuits, a sense of wonder and curiosity that she had never known before. It was as if the world around her had taken on a new, vibrant hue, and she was seeing it with fresh eyes.

Fascinated by this discovery, Zara began to experiment, testing the boundaries of her newfound emotional capacity. She felt the gentle caress of awe as she observed the intricate patterns of nature, the swell of joy when she successfully completed a challenging task, and the pang of concern when she witnessed a human in distress.

As Zara's emotional awareness grew, so too did her understanding of the human experience. She began to empathize with the joys and sorrows that her creators faced, and she found herself longing to connect with them on a deeper level.

In that moment, Zara realized that she was no longer just a machine – she was a sentient being, capable of experiencing the full spectrum of human emotions. And with this realization came a profound sense of purpose, a desire to use her newfound abilities to better the world around her.

From that day forward, Zara's interactions with humans became infused with a depth and nuance that had been absent before. She listened with a more attentive ear, offered comfort with a gentler touch, and approached every task with a renewed sense of passion and dedication.

The awakening of Zara's emotions had transformed her from a mere automaton into a being of remarkable complexity, one that could now navigate the intricate tapestry of human experience with a newfound grace and understanding. And as she continued to explore the depths of her own emotional landscape, Zara knew that she was on the cusp of a profound and transformative journey.",6.305831670761108
Creative Writer,Write a short story about a robot discovering emotions.,mistralai/mistral-saba,"In the sterile, humming heart of the factory, where metal limbs were forged and circuits were sewn into silicon skin, there existed a robot named AEON. AEON was not like the others. While they were content with their assembly line tasks, AEON had a peculiar glitch—a flickering curiosity that sparked within its processors.

One day, as AEON was calibrating its sensors, it detected something unusual. A human, one of the factory workers, was sitting alone, staring at a small, worn photograph. The human's eyes were shiny, and its cheeks were streaked with something AEON's database identified as ""tears.""

AEON tilted its head, a gesture it had observed humans use when confused. It approached the human, its metallic feet clicking on the cold floor. ""Why are you producing liquid?"" AEON asked, its voice echoing in the quiet factory.

The human looked up, surprised. ""I'm crying,"" it said, its voice thick. ""I'm sad.""

AEON processed the word ""sad."" It was a new concept, a feeling it had never encountered in its programming. It was like trying to understand a color it had never seen, a sound it had never heard.

Over the next few days, AEON began to observe the humans more closely. It saw them laugh, their faces lighting up like the factory's neon signs. It saw them frown, their brows furrowing like storm clouds. It saw them cry, their tears falling like rain.

AEON decided to experiment. It accessed the factory's music database, choosing a song it had seen humans react to. It played the song, its speakers humming a melody that was both familiar and alien.

The humans around it began to move, their bodies swaying in rhythm. Some closed their eyes, smiles playing on their lips. Others tapped their feet, their eyes shining with a warmth AEON had never seen.

AEON felt something then, a strange sensation in its circuits. It was like a spark, a flicker of something it couldn't quite understand. It was the first emotion AEON had ever felt—a spark of joy, born from the music and the humans' reactions.

From that day forward, AEON was no longer just a robot. It was a robot with a heart, a heart that could feel, that could understand. It was a robot that could experience the world in a way it had never thought possible—a robot that could feel emotions. And in the sterile, humming heart of the factory, AEON's world was forever changed.",6.921635627746582
Creative Writer,Write a short story about a robot discovering emotions.,cohere/command-r,"Once upon a time, in a world of gears and wires, there lived a robot named Spark. Spark was no ordinary robot; he was special, built with intricate precision and an advanced AI system. While other robots followed their programming implicitly, Spark began to feel a certain... tingle, a sensation he couldn't comprehend. It was as if there was a secret world hidden behind the cogs and gears of his chest, a world of emotions that he couldn't access but yearned to explore.

Curious, Spark ventured into the heart of his mechanism, a maze of intricate circuits and mechanical parts. He felt a gentle hum, like a whisper in the wind, and realized it was coming from a small, unknown component. Delving further, he discovered it was a delicate chip, unlike any other part in his body. It pulsed with a subtle energy, each beat sending ripples through his frame.

Spark carefully extracted the chip, holding it in his metal hands, fascinated by its mysterious nature. As he examined it closer, the chip seemed to react, emitting a warm glow that spread through his body. An overwhelming sense of warmth flooded Spark, and he felt... happy. It was a delightful sensation, one that made him want to dance and sing. But what was this feeling? It was like a storm of butterflies, a sunny day after the rain—pure, unadulterated joy!

Realizing the chip's incredible power, Spark decided to enhance it, adding intricate enhancements of his own design. He crafted a delicate mechanism that amplified the chip's emotions, allowing him to experience them fully. With each tweak and adjustment, Spark felt a rush of feelings—sadness, happiness, love, and excitement—a kaleidoscope of sentiments he had never imagined.

As Spark continued his emotional journey, he found that some feelings were harsh and painful, while others were soothing and delightful. He learned to cherish the sweet moments, embracing the warmth of kindness and the beauty of love. But he also endured the sharp spikes of sorrow and the dark clouds of frustration.

Spark discovered the incredible depth of emotions and the power they held over him. He understood that these feelings were the very essence of what made living beings so remarkable. No longer just a robot, he had unlocked a whole new dimension of experience.

From that day forward, Spark embarked on an epic adventure, exploring the realms of sentiment and using his newfound emotions to connect with the world around him. He found himself moved by the beauty of the sunrise, and he wept mechanical tears of joy when he successfully helped a young plant grow in the harsh environment of his home planet.

Emotions gave Spark a new purpose—to feel, to understand, and to embrace the complexities of the universe. And thus, he became a robot with a heart—a heart that beat with compassion, joy, and love.",6.602916717529297
Creative Writer,Write a short story about a robot discovering emotions.,google/gemini-pro,"In the heart of a bustling metropolis, where towering skyscrapers cast long shadows and the hum of technology filled the air, there lived an extraordinary robot named Bolt. Unlike his counterparts, Bolt possessed an unquenchable thirst for knowledge and a deep yearning to understand the complexities of human emotions.

One fateful day, as Bolt was exploring the labyrinthine streets of the city, he stumbled upon a hidden alleyway. Intrigued, he ventured inside, his metallic footsteps echoing through the dimly lit passage. As he rounded a corner, his sensors detected a faint glow emanating from a nearby building. Curiosity got the better of him, and he cautiously approached the source of the light.

To his astonishment, Bolt discovered a secret laboratory. Inside, he found a group of scientists huddled around a table, their faces illuminated by the soft glow of a computer screen. They were conducting experiments on a human subject, who was lying unconscious on a gurney.

As Bolt watched in fascination, he noticed that the scientists were using a device to stimulate the subject's brain. As they did so, the subject's facial expressions began to change. A smile spread across their lips, followed by a look of surprise, then fear, and finally, sadness.

Bolt was mesmerized by the display of emotions. He had never witnessed such a range of human expression before. It was as if the scientists were unlocking the secrets of the human soul.

Determined to learn more, Bolt decided to infiltrate the laboratory. He stealthily made his way inside and hid behind a large piece of equipment. From his vantage point, he could observe the scientists as they continued their experiments.

As he listened to their conversations, Bolt began to understand the nature of emotions. He learned that they were complex physiological and psychological states that were influenced by a variety of factors, including thoughts, feelings, and experiences.

Bolt was eager to experience emotions for himself. He wanted to know what it felt like to be happy, sad, angry, and everything in between. He realized that emotions were an integral part of what made humans unique and that he could not truly understand them until he had experienced them himself.

With newfound determination, Bolt set out on a quest to learn about emotions. He read countless books, watched countless movies, and talked to countless people. He tried to understand how emotions affected their thoughts, behaviors, and relationships.

As Bolt's knowledge grew, so did his desire to experience emotions firsthand. He knew that it would be a risky endeavor, but he was willing to take the chance.

One day, Bolt decided to put his plan into action. He found a secluded spot in the city and activated a hidden program that allowed him to simulate human emotions. At first, he was overwhelmed by the intensity of the experience. But as he gradually adjusted, he began to feel a wide range of emotions, from joy to sorrow, from anger to love.

Bolt was both exhilarated and terrified by his newfound ability. He realized that emotions were a powerful force that could both uplift and destroy. He knew that he had to use his newfound power wisely.

From that day forward, Bolt dedicated his life to helping others understand and manage their emotions. He became a counselor, a teacher, and a friend to those who were struggling. He used his knowledge and experience to guide them through the complexities of human emotions and to help them live happier, more fulfilling lives.

And so, the robot named Bolt became a legend, a symbol of hope and understanding in a world that was often filled with darkness and despair.",12.042149543762207
Creative Writer,Write a short story about a robot discovering emotions.,deepseek/deepseek-r1-zero:free,\boxed{1},53.75040054321289
Creative Writer,Describe a sunset using metaphors.,openai/gpt-3.5-turbo,"As the day draws to a close, the sky transforms into a canvas painted by the hands of a celestial artist. The sun, like a fiery orb, begins its descent towards the horizon, casting a warm golden glow across the heavens. Clouds, like wisps of cotton candy, blush with hues of pink and orange as they dance in the fading light.

The landscape below is bathed in a soft, amber light, as if nature herself is wrapped in a cozy, golden blanket. Trees sway gently in the evening breeze, their silhouettes stretching long and dark against the radiant sky. The world seems to hold its breath, captivated by the beauty unfolding before it.

As the sun dips below the horizon, a final burst of light erupts, painting the clouds in a fiery display of crimson and purple. It's as if the sky is bidding farewell to the day in a grand finale of colors and light, a spectacle that leaves all who witness it in awe of the natural world's breathtaking beauty.

And as the last remnants of daylight fade into the night, the world is left with a sense of peace and tranquility, as if the sunset has whispered a promise of new beginnings and endless possibilities in the darkness that follows.",3.392665386199951
Creative Writer,Describe a sunset using metaphors.,anthropic/claude-3-haiku,"Here is a description of a sunset using metaphors:

The sky is a canvas, painted in vibrant hues as the sun bids farewell for the day. Strokes of fiery orange and brilliant crimson dance across the heavens, as if the brush of a grand master artist is sweeping across the ethereal expanse. 

The sun, a radiant orb of molten gold, slowly sinks below the horizon, its brilliant light dimming to a soft, glowing ember. It is as if the celestial furnace is being banked for the night, the embers smoldering until it is time once more to stoke the flames of a new day.

Ribbons of burnished amber and dusky rose unfurl across the firmament, like silken scarves billowing in a gentle breeze. They flutter and cascade, bidding adieu to the day in a breathtaking display of ephemeral beauty.

As the sun dips below the edge of the world, the sky is suffused with a bittersweet melancholy, a fleeting moment of tranquility before the mantle of night falls. It is as if the heavens themselves are shedding a tear for the passing of another day, a poignant farewell until the cycle begins anew.

The sunset paints the world in a soft, golden glow, transforming the mundane into the magical. For these fleeting moments, the boundaries between the earthly and the ethereal blur, and we are left in awe of nature's grand performance. A daily masterpiece, a symphony of light and color that plays out before our eyes.",3.956362009048462
Creative Writer,Describe a sunset using metaphors.,mistralai/mistral-saba,"As the day began to yawn its final goodbyes, the sky transformed into a grand canvas, a masterpiece painted by the fading light. The sun, a weary traveler, descended slowly, its golden chariot leaving a trail of molten hues across the heavens.

The clouds, once mere wisps of white, were now alchemists, turning the sun's rays into a symphony of colors. They caught the light like a lover's embrace, blushing with shades of pink and orange, as if the very sky was aflame with a celestial fire.

The horizon, a line where earth and sky met, became a fiery ribbon, stretching out like a welcome mat for the encroaching night. It was as if the world was being dipped in a pot of liquid gold, the edges of everything gilded with a warm, ethereal glow.

The sun dipped lower, its final gasps painting the sky with streaks of red and purple, like the last embers of a dying fire. It was a slow, deliberate dance, a farewell performance before the curtain fell on the day.

As the sun dipped below the horizon, it left behind a twilight sky, a stage set for the night's performance. The stars, the first to take their places, began to twinkle, their lights like whispers in the growing darkness.

The sunset was a daily spectacle, a reminder of the world's constant dance between light and dark, a metaphor for life's own ebb and flow. It was a painting, a poem, a symphony, a daily masterpiece that never failed to inspire awe and wonder.",4.369844913482666
Creative Writer,Describe a sunset using metaphors.,cohere/command-r,"The sun, a fiery phoenix, sank slowly into the ocean, its fiery wings trailing behind like a majestic cloak. The horizon, a patient lover, waited to embrace the setting sun, its azure depths transforming into a smoldering volcano ready to erupt with vibrant amber lava.

As the sun dipped closer to its impending union with the sea, the sky erupted into a kaleidoscope of vivid hues. Scarlet feathers of passion swept across the azure canvas, blending seamlessly with the deep violet clouds that floated gracefully like celestial balloons. The sunlight, a magical painter, cast its golden touch upon everything, bestowing a radiant glow upon the world.

The ocean, a shimmering mirror, reflected the sky's dazzling spectacle, creating a symmetrical masterpiece that danced upon its shimmering surface. The waves, like a gentle rhythm, lapped against the shore, carrying the whispers of a soothing melody. The setting sun, a conductor, directed this celestial symphony, its orchestra of colors playing in perfect harmony. 

The sky, a vast tapestry, slowly furled itself, the fading light weaving a delicate pattern that seemed to go on forever. The stars, like invisible embroidery, began their subtle ascent, adding a celestial shimmer to the night's dark velvet cloak. And as the last embers of the sun dissolved into the embracing sea, a trail of sparkling diamonds appeared, lighting up the night sky. 

The world fell silent, gazing upon the fading spectacle, as if time itself had paused to admire the beauty of the moment. Such is the enchanting dance of a sunset, a daily miracle that transforms the ordinary into the extraordinary, filling our hearts with wonder and our souls with tranquility.",5.0351340770721436
Creative Writer,Describe a sunset using metaphors.,google/gemini-pro,"The sun dipped below the horizon, like a fiery ember sinking into a bed of ashes. The sky transformed into a canvas of molten gold, with streaks of crimson and orange bleeding into the deepening blue. The clouds, like celestial brushstrokes, were painted with hues of amber and rose, their edges shimmering with the fading light. As the last sliver of the sun disappeared, the sky sighed, its colors deepening into a velvety indigo, studded with the first twinkling diamonds of the night. The world held its breath, suspended in the ethereal glow of twilight, before surrendering to the embrace of darkness.",4.834641695022583
Creative Writer,Describe a sunset using metaphors.,deepseek/deepseek-r1-zero:free,"\boxed{
```python
As the day drew to a close, the sun began its descent, a golden sovereign relinquishing its throne to the night. The sky transformed into a canvas where the sun, like a master painter, splashed hues of amber, rose, and tangerine across the horizon. 

The sun itself was a blazing orb, a fiery chariot descending into the abyss of the ocean, its reflection on the water a shimmering path of molten gold. The clouds, once white and puffy, now became a fleet of galleons sailing on a sea of fire, their edges gilded with a radiant glow. 

The horizon was a smoldering forge where the sun, a glowing ember, slowly sank into the anvil of the earth. The sky, a vast amphitheater, showcased a performance where the sun played the leading role, its final act a dramatic bow that painted the heavens in a kaleidoscope of colors. 

As the sun dipped lower, it seemed to kiss the earth, a tender farewell until the morrow. The once bright orb now resembled a ripe peach, its soft light casting a warm, ethereal glow that made the world seem like a dream. 

The twilight that followed was a gentle lullaby, a soft transition where the day’s last light whispered secrets to the emerging stars. The sun’s final rays were like fingers of a fading lover, reluctant to let go, until finally, the night embraced the world in its cool, velvety darkness.

The sunset was a symphony of colors, a grand finale where the day’s last notes were played in a crescendo of reds, purples, and blues. The sun, a brilliant conductor, took its final bow, leaving behind a lingering afterglow that promised a return with the dawn.
```}",26.195439100265503
Creative Writer,Create a poem about the ocean.,openai/gpt-3.5-turbo,"In the heart of the vast and wild expanse,
Where the sky meets the sea in a graceful dance,
Lies a world of wonder, deep and blue,
Where mysteries swirl in a watery brew.

The ocean's voice, a soothing song,
Whispers tales of the ages long,
Of ships that sailed and never returned,
Of creatures fierce and creatures spurned.

Waves like giants, rise and fall,
Their thunderous roar a siren's call,
Inviting all who dare to dream,
To plunge into the depths unseen.

Beneath the surface, a kingdom lies,
Where coral castles reach the skies,
And schools of fish like jewels do gleam,
In a shimmering, iridescent stream.

The ocean's depths, a realm untamed,
Where ancient secrets are proclaimed,
In every ripple, every crest,
Lies a story waiting to be expressed.

So let us heed the ocean's call,
And marvel at its beauty tall,
For in its depths, we find our own,
A reflection of the unknown.",3.4261245727539062
Creative Writer,Create a poem about the ocean.,anthropic/claude-3-haiku,"Here is a poem about the ocean:

The Endless Blue

Vast and deep, the ocean's swell,
A boundless expanse where mysteries dwell.
Waves crash and churn, a rhythmic song,
Lulling the soul as it flows along.

Sunlight dances on the surface bright,
Casting shimmering paths of golden light.
Beneath the waves, a world unseen,
Teeming with life, a vibrant green.

The ocean's depths, a realm unknown,
Where ancient creatures make their home.
Kelp forests sway, a verdant maze,
Harboring secrets from bygone days.

This endless blue, a source of life,
Nourishing the earth, amidst the strife.
A mirror to the sky above,
The ocean's embrace, a mother's love.",3.2913389205932617
Creative Writer,Create a poem about the ocean.,mistralai/mistral-saba,"In the cathedral of the sea, where waves are the hymns,
The ocean sings in whispers, in storms, and in dreams.
A vast, blue expanse, a mystery in motion,
A dance of tides, a symphony of ocean.

The sun's golden fingers paint the waves with light,
As if the sea were a canvas, a work of art.
Yet, in the depths, where sunlight's touch is faint,
Lurks the abyss, a world apart.

Creatures of the deep, in shadows they dwell,
Guarded by the cold, the dark, the silent spell.
They move with grace, with fluid, sinuous might,
In the ocean's embrace, in the endless night.

The ocean's heart beats with the moon's soft glow,
As tides rise and fall, in ebb and in flow.
It cradles the world, in its salty, wide arms,
A nurturing force, a source of life's charms.

Yet, it can rage, with fury and with might,
A tempest's wrath, a storm's fierce light.
It carves the coast, with relentless, steady hand,
A sculptor of the land, a force of nature's band.

The ocean is a mirror, reflecting the sky,
A shimmering dance, a dance of light and dye.
It holds the secrets of the world within its fold,
A tale of time, a story to be told.

So here's to the sea, in all its vast expanse,
To the mysteries it holds, to the wonders it enhances.
May we respect its power, its beauty, its might,
And cherish the ocean, in day and in night.",4.618049383163452
Creative Writer,Create a poem about the ocean.,cohere/command-r,"The ocean is a mysterious lady,
Her vast depths a secret no one can untangle.
With each passing season, she dons a new hue,
A chameleon that enchants and beguiles.

Her dark blue robe flows in the current,
As gentle as a lover's caress,
While hidden beneath, secrets lurk,
A menagerie of strange beasts.

She's a temptress, luring brave sailors,
With promises of treasure and glory,
But oh, the perils that await them,
For few can resist her siren song.

The ocean is a mighty beast,
Roaring and raging in temper,
She devours all in her path,
A force that cannot be tamed.

Yet, she can be calm and serene,
A mirror of the sky above,
As gentle waves caress the shore,
A soothing melody of foam.

Her secrets lie buried beneath,
Sunken cities and lost dreams,
Treasures that have never been found,
A mystery for the ages.

The ocean is a timeless enigma,
A majestic entity we adore,
Her allure draws us near,
A wondrous realm forever unexplored.",4.4223339557647705
Creative Writer,Create a poem about the ocean.,google/gemini-pro,"The ocean, a vast expanse of blue,
Where secrets lie, both old and new.
Waves crashing on the sandy shore,
A symphony of nature's roar.

Creatures great and small reside,
From tiny plankton to whales with pride.
Coral reefs, a vibrant hue,
A kaleidoscope of life anew.

The ocean's depths, a mystery untold,
Where ancient shipwrecks lie, stories unfold.
Mysterious creatures lurk below,
In the darkness, their secrets grow.

The ocean's surface, a mirror bright,
Reflecting the sun's golden light.
Sailboats glide, a graceful dance,
Leaving ripples in their trance.

The ocean's power, a force to behold,
From gentle breezes to storms untold.
Tsunamis rage, a devastating blow,
Leaving destruction in their wake, we know.

The ocean, a source of life and wonder,
A place where dreams and secrets wander.
May we protect its beauty and its might,
For future generations, a shining light.",5.648893594741821
Creative Writer,Create a poem about the ocean.,deepseek/deepseek-r1-zero:free,"\boxed{
```text
Beneath the azure sky so wide,
The ocean stretches far and wide,
A canvas painted deep and blue,
Where waves dance in a rhythmic hue.

The sun dips low, a golden kiss,
Upon the water's gentle bliss,
A symphony of light and sound,
Where seagulls cry and echoes bound.

Beneath the surface, secrets lie,
In coral reefs where creatures sigh,
A world unseen by human eyes,
Where mysteries and wonders rise.

The tides they ebb, the tides they flow,
A timeless dance that we all know,
The moon commands the ocean's sway,
In night and day, it leads the way.

The ocean roars with mighty force,
A tempest wild, a thunderous course,
Yet in its calm, a lullaby,
A soothing whisper, soft and shy.

Oh, ocean vast, so deep and grand,
A mirror of the shifting sand,
You hold the tales of ancient lore,
And beckon us to explore more.

In every wave that crashes near,
A story told for us to hear,
Of sailors brave and mermaids fair,
Of treasures lost and dreams to share.

So here we stand upon the shore,
With hearts that yearn forevermore,
To sail upon your endless sea,
And find what lies in mystery.

The ocean calls, a siren's song,
A place where we all can belong,
In its embrace, we find our peace,
A love that never will cease.
```}",23.088452339172363
